{"docstore/data": {"6e95bafe-5646-4ae5-90b2-3174a4ae2792": {"__data__": {"id_": "6e95bafe-5646-4ae5-90b2-3174a4ae2792", "embedding": null, "metadata": {"page_label": "1", "file_name": "TestOCR.pdf", "file_path": "/home/huangjia/Documents/08_RAG/LlamaIndex/02_Components/../00_Data/TestOCR.pdf", "file_type": "application/pdf", "file_size": 26662, "creation_date": "2024-08-10", "last_modified_date": "2024-08-10"}, "excluded_embed_metadata_keys": ["file_name", "file_type", "file_size", "creation_date", "last_modified_date", "last_accessed_date"], "excluded_llm_metadata_keys": ["file_name", "file_type", "file_size", "creation_date", "last_modified_date", "last_accessed_date"], "relationships": {"1": {"node_id": "f7b50e07-7ce0-4de5-a6e8-b6d1bd8836c0", "node_type": "4", "metadata": {"page_label": "1", "file_name": "TestOCR.pdf", "file_path": "/home/huangjia/Documents/08_RAG/LlamaIndex/02_Components/../00_Data/TestOCR.pdf", "file_type": "application/pdf", "file_size": 26662, "creation_date": "2024-08-10", "last_modified_date": "2024-08-10"}, "hash": "8ca9c3aebb4428f5a32cabd2e3dac571ce29fe5c91e7af12a773e524e0f934e2", "class_name": "RelatedNodeInfo"}}, "text": "This isasample document totestthePDF Image+Text OCR Engine.\nThis isasample document totestthePDF Image+Text OCR Engine.\nThis isasample document totestthePDF Image+Text OCR Engine.\nThis isasample document totestthePDF Image+Text OCR Engine.\nThis isasample document totestthePDF Image+Text OCR Engine.\nThis isasample document totestthePDF Image+Text OCR Engine.\nThis isasample document totestthePDF Image+Text OCR Engine.\nThis isasample document totestthePDF Image+Text OCR Engine.\nThis isasample document totestthePDF Image+Text OCR Engine.\nThis isasample document totestthePDF Image+Text OCR Engine.\nThis isasample document totestthePDF Image+Text OCR Engine.\nThis isasample document totestthePDF Image+Text OCR Engine.\nThis isasample document totestthePDF Image+Text OCR Engine.\nThis isasample document totestthePDF Image+Text OCR Engine.\nThis isasample document totestthePDF Image+Text OCR Engine.\nThis isasample document totestthePDF Image+Text OCR Engine.", "mimetype": "text/plain", "start_char_idx": 0, "end_char_idx": 959, "text_template": "{metadata_str}\n\n{content}", "metadata_template": "{key}: {value}", "metadata_seperator": "\n", "class_name": "TextNode"}, "__type__": "1"}, "733101e5-c3e8-4f93-bf1f-c5505ebd4ec7": {"__data__": {"id_": "733101e5-c3e8-4f93-bf1f-c5505ebd4ec7", "embedding": null, "metadata": {"file_path": "/home/huangjia/Documents/08_RAG/LlamaIndex/02_Components/../00_Data/sample.txt", "file_name": "sample.txt", "file_type": "text/plain", "file_size": 9770, "creation_date": "2024-08-15", "last_modified_date": "2024-08-15"}, "excluded_embed_metadata_keys": ["file_name", "file_type", "file_size", "creation_date", "last_modified_date", "last_accessed_date"], "excluded_llm_metadata_keys": ["file_name", "file_type", "file_size", "creation_date", "last_modified_date", "last_accessed_date"], "relationships": {"1": {"node_id": "5e08a4ab-53e5-43a9-85ad-f0ae55d3b4ee", "node_type": "4", "metadata": {"file_path": "/home/huangjia/Documents/08_RAG/LlamaIndex/02_Components/../00_Data/sample.txt", "file_name": "sample.txt", "file_type": "text/plain", "file_size": 9770, "creation_date": "2024-08-15", "last_modified_date": "2024-08-15"}, "hash": "cb15cb46adfd1a6a7508641fbfa04a3c9729c4dab282464c1d4c1b3ff2b41852", "class_name": "RelatedNodeInfo"}, "3": {"node_id": "d5759151-2acd-4d04-8dee-dbcd2e6aa70b", "node_type": "1", "metadata": {}, "hash": "389f1d7f43a889e7341808387404e4e75bbf13aab1a1d080ee1954b91bcd69d5", "class_name": "RelatedNodeInfo"}}, "text": "\u5bcc\u58eb\u5eb7\u201c\u6389\u5934\u201d\uff0c\u5bf9\u6cb3\u5357\u610f\u5473\u7740\u4ec0\u4e48\r\n\r\n(\u88ab\u9605\u8bfb 9977 \u6b21)A- A A+\r\n\r\n\u5982\u4f55\u7eed\u5199\u65b0\u6545\u4e8b\uff1f\r\n\r\n\u5bcc\u58eb\u5eb7\u201c\u51fa\u8d70\u201d\u7684\u58f0\u97f3\u6b64\u524d\u65f6\u6709\u51fa\u73b0\uff0c\u800c\u73b0\u5728\uff0c\u4e00\u7cfb\u5217\u4fe1\u53f7\u663e\u793a\uff0c\u5bcc\u58eb\u5eb7\u53c8\u201c\u56de\u6765\u201d\u4e86\u3002\r\n\r\n\r\n\u8fd1\u65e5\uff0c\u90d1\u5dde\u5bcc\u58eb\u5eb7\u62db\u5de5\u7684\u6d88\u606f\u53d7\u5230\u5e7f\u6cdb\u5173\u6ce8\u3002\u636e\u5a92\u4f53\u62a5\u9053\uff0c\u4e34\u8fd1\u82f9\u679c\u65b0\u673a\u578b\u53d1\u5e03\uff0c\u5927\u6279\u52b3\u52a8\u529b\u6d8c\u5411\u90d1\u5dde\u5bcc\u58eb\u5eb7\uff0c\u4e2d\u4ecb\u79f0\u8fd1\u4e24\u5468\u8fdb\u5382\u65b0\u5458\u5de5\u6700\u5c11\u67095\u4e07\u4eba\uff0c\u5e76\u4e14\u8fd8\u5728\u5927\u89c4\u6a21\u62db\u8058\u3002\r\n\r\n7\u670824\u65e5\uff0c\u5bcc\u58eb\u5eb7\u6bcd\u516c\u53f8\u9e3f\u6d77\u53d1\u5e03\u516c\u544a\uff0c\u5bcc\u58eb\u5eb7\u79d1\u6280\u96c6\u56e2\u5c06\u5728\u6cb3\u5357\u90d1\u5dde\u6295\u8d4410\u4ebf\u5143\uff0c\u5efa\u8bbe\u65b0\u4e8b\u4e1a\u603b\u90e8\u5927\u697c\u3002\u8be5\u9879\u76ee\u6d89\u53ca\u603b\u90e8\u7ba1\u7406\u3001\u7814\u53d1\u3001\u6218\u7565\u4ea7\u4e1a\u53d1\u5c55\u3001\u4f9b\u5e94\u94fe\u7ba1\u7406\u7b49\u4e03\u5927\u4e2d\u5fc3\uff0c\u8fd8\u5c06\u5e03\u5c40\u7535\u52a8\u8f66\u5236\u9020\u548c\u56fa\u6001\u7535\u6c60\u9879\u76ee\u3002\r\n\r\n\u4f5c\u4e3a\u5168\u7403\u6700\u5927\u7684\u7535\u5b50\u4ee3\u5de5\u5382\uff0c\u5bcc\u58eb\u5eb7\u5728\u4e2d\u56fd\u8bbe\u6709\u6570\u91cf\u6700\u591a\u7684\u5de5\u5382\uff0c\u5176\u4e2d\u90d1\u5dde\u5bcc\u58eb\u5eb7\u56ed\u533a\u7684\u5730\u4f4d\u4e3e\u8db3\u8f7b\u91cd\u3002\u5bf9\u4e8e\u6cb3\u5357\u800c\u8a00\uff0c\u5bcc\u58eb\u5eb7\u5219\u8d21\u732e\u4e86\u5927\u91cf\u7684\u5c31\u4e1a\u5c97\u4f4d\u4ee5\u53ca\u51fa\u53e3\u8d27\u7269\u91cf\uff0c\u52a9\u529b\u5730\u65b9\u7ecf\u6d4e\u53d1\u5c55\u3002\r\n\r\n\u6cb3\u5357\u548c\u5bcc\u58eb\u5eb7\uff0c\u4f3c\u4e4e\u96be\u4ee5\u79bb\u5f00\u5f7c\u6b64\u3002\u800c\u5f53\u4e0b\u7684\u6545\u4e8b\uff0c\u53c8\u4e0e\u4e4b\u524d\u6709\u6240\u4e0d\u540c\u3002", "mimetype": "text/plain", "start_char_idx": 0, "end_char_idx": 402, "text_template": "{metadata_str}\n\n{content}", "metadata_template": "{key}: {value}", "metadata_seperator": "\n", "class_name": "TextNode"}, "__type__": "1"}, "d5759151-2acd-4d04-8dee-dbcd2e6aa70b": {"__data__": {"id_": "d5759151-2acd-4d04-8dee-dbcd2e6aa70b", "embedding": null, "metadata": {"file_path": "/home/huangjia/Documents/08_RAG/LlamaIndex/02_Components/../00_Data/sample.txt", "file_name": "sample.txt", "file_type": "text/plain", "file_size": 9770, "creation_date": "2024-08-15", "last_modified_date": "2024-08-15"}, "excluded_embed_metadata_keys": ["file_name", "file_type", "file_size", "creation_date", "last_modified_date", "last_accessed_date"], "excluded_llm_metadata_keys": ["file_name", "file_type", "file_size", "creation_date", "last_modified_date", "last_accessed_date"], "relationships": {"1": {"node_id": "5e08a4ab-53e5-43a9-85ad-f0ae55d3b4ee", "node_type": "4", "metadata": {"file_path": "/home/huangjia/Documents/08_RAG/LlamaIndex/02_Components/../00_Data/sample.txt", "file_name": "sample.txt", "file_type": "text/plain", "file_size": 9770, "creation_date": "2024-08-15", "last_modified_date": "2024-08-15"}, "hash": "cb15cb46adfd1a6a7508641fbfa04a3c9729c4dab282464c1d4c1b3ff2b41852", "class_name": "RelatedNodeInfo"}, "2": {"node_id": "733101e5-c3e8-4f93-bf1f-c5505ebd4ec7", "node_type": "1", "metadata": {"file_path": "/home/huangjia/Documents/08_RAG/LlamaIndex/02_Components/../00_Data/sample.txt", "file_name": "sample.txt", "file_type": "text/plain", "file_size": 9770, "creation_date": "2024-08-15", "last_modified_date": "2024-08-15"}, "hash": "1c326d20586d57842a4ab95044d00ad41c6b410825f938cb5ee2e7ef6bf5d361", "class_name": "RelatedNodeInfo"}, "3": {"node_id": "74bd2040-3640-477b-8224-9e36d7b99272", "node_type": "1", "metadata": {}, "hash": "c0e2d0f5d00b0c01665fa6c578376a7addae556fb7b64290eb7463704c6bd4ec", "class_name": "RelatedNodeInfo"}}, "text": "\u7275\u624b\u72c2\u5954\r\n\r\n2010\u5e74\uff0c\u5bcc\u58eb\u5eb7\u5165\u9a7b\u90d1\u5dde\u822a\u7a7a\u6e2f\u533a\uff0c\u6b63\u5f0f\u5f00\u59cb\u5728\u90d1\u5dde\u5efa\u5382\u3002\u4e4b\u540e\u7684\u4e00\u6bb5\u65f6\u95f4\uff0c\u6b63\u662f\u667a\u80fd\u624b\u673a\u5728\u4e2d\u56fd\u5feb\u901f\u53d1\u5c55\u7684\u5e74\u4ee3\uff0c\u4e3b\u8981\u751f\u4ea7\u82f9\u679c\u624b\u673a\u7684\u90d1\u5dde\u5bcc\u58eb\u5eb7\u4e0d\u65ad\u6269\u5927\u89c4\u6a21\uff0c\u751a\u81f3\u6210\u4e3a\u5bcc\u58eb\u5eb7\u5728\u5168\u7403\u6700\u5927\u7684\u5382\u533a\u3002\r\n\r\n\r\n\u5bcc\u58eb\u5eb7\u90d1\u5dde\u79d1\u6280\u56ed\u533a \u56fe\u7247\u6765\u6e90\uff1a\u6bcf\u65e5\u7ecf\u6d4e\u65b0\u95fb\uff08\u738b\u4f73\u98de \u6444\uff09\r\n\r\n\u4e0e\u6b64\u540c\u65f6\uff0c\u5bcc\u58eb\u5eb7\u5438\u7eb3\u4e86\u5927\u91cf\u7684\u5c31\u4e1a\u4eba\u5458\u3002\u6cb3\u5357\u5927\u5b66\u526f\u6559\u6388\u9648\u8096\u98de\u57282021\u5e74\u5e95\u5e74\u53d1\u8868\u7684\u4e00\u7bc7\u8bba\u6587\u4e2d\u63d0\u5230\uff0c\u901a\u8fc7\u8c03\u7814\u5f97\u77e5\uff0c\u5728\u751f\u4ea7\u9ad8\u5cf0\u65f6\u671f\uff0c\u5bcc\u58eb\u5eb7\u90d1\u5dde\u79d1\u6280\u56ed\u7684\u5458\u5de5\u4eba\u6570\u8fbe30\u4f59\u4e07\u3002\r\n\r\n\u5bcc\u58eb\u5eb7\u7684\u5230\u6765\u4f7f\u5f97\u90d1\u5dde\u6210\u4e3a\u7535\u5b50\u4fe1\u606f\u4ea7\u4e1a\u805a\u96c6\u5730\uff0c\u4e00\u8dc3\u6210\u4e3a\u91cd\u8981\u7684\u624b\u673a\u751f\u4ea7\u57fa\u5730\u3002\r\n\r\n2011\u5e74\uff0c\u4e5f\u5c31\u662f\u5bcc\u58eb\u5eb7\u843d\u5730\u90d1\u5dde\u7684\u7b2c\u4e8c\u5e74\uff0c\u90d1\u5dde\u7edf\u8ba1\u5c40\u9996\u6b21\u5728\u5e74\u5ea6\u7edf\u8ba1\u516c\u62a5\u4e2d\uff0c\u5c06\u624b\u673a\u4ea7\u91cf\u4f5c\u4e3a\u4e00\u9879\u5355\u72ec\u6570\u636e\u62ab\u9732\uff0c\u5f53\u5e74\u90d1\u5dde\u751f\u4ea7\u4e862445\u4e07\u53f0\u624b\u673a\u3002\r\n\r\n\u6b64\u540e\u51e0\u5e74\uff0c\u90d1\u5dde\u624b\u673a\u4ea7\u91cf\u6210\u500d\u4e0a\u6da8\uff0c2012\u5e74\u4e3a6846\u4e07\u53f0\uff0c2013\u5e749645\u4e07\u53f0\u3002\u4ec5\u4ec5\u4e09\u5e74\u540e\u76842014\u5e74\uff0c\u90d1\u5dde\u624b\u673a\u4ea7\u91cf\u5c31\u5df2\u7834\u4ebf\uff0c\u8fbe\u52301.19\u4ebf\u53f0\u3002\u6700\u9ad8\u5cf0\u662f\u57282017\u5e74\uff0c\u5f53\u5e74\u90d1\u5dde\u624b\u673a\u4ea7\u91cf\u63a5\u8fd13\u4ebf\u53f0\u3002", "mimetype": "text/plain", "start_char_idx": 406, "end_char_idx": 839, "text_template": "{metadata_str}\n\n{content}", "metadata_template": "{key}: {value}", "metadata_seperator": "\n", "class_name": "TextNode"}, "__type__": "1"}, "74bd2040-3640-477b-8224-9e36d7b99272": {"__data__": {"id_": "74bd2040-3640-477b-8224-9e36d7b99272", "embedding": null, "metadata": {"file_path": "/home/huangjia/Documents/08_RAG/LlamaIndex/02_Components/../00_Data/sample.txt", "file_name": "sample.txt", "file_type": "text/plain", "file_size": 9770, "creation_date": "2024-08-15", "last_modified_date": "2024-08-15"}, "excluded_embed_metadata_keys": ["file_name", "file_type", "file_size", "creation_date", "last_modified_date", "last_accessed_date"], "excluded_llm_metadata_keys": ["file_name", "file_type", "file_size", "creation_date", "last_modified_date", "last_accessed_date"], "relationships": {"1": {"node_id": "5e08a4ab-53e5-43a9-85ad-f0ae55d3b4ee", "node_type": "4", "metadata": {"file_path": "/home/huangjia/Documents/08_RAG/LlamaIndex/02_Components/../00_Data/sample.txt", "file_name": "sample.txt", "file_type": "text/plain", "file_size": 9770, "creation_date": "2024-08-15", "last_modified_date": "2024-08-15"}, "hash": "cb15cb46adfd1a6a7508641fbfa04a3c9729c4dab282464c1d4c1b3ff2b41852", "class_name": "RelatedNodeInfo"}, "2": {"node_id": "d5759151-2acd-4d04-8dee-dbcd2e6aa70b", "node_type": "1", "metadata": {"file_path": "/home/huangjia/Documents/08_RAG/LlamaIndex/02_Components/../00_Data/sample.txt", "file_name": "sample.txt", "file_type": "text/plain", "file_size": 9770, "creation_date": "2024-08-15", "last_modified_date": "2024-08-15"}, "hash": "caec4c8bcd6b69de5cb66ba47197a6b3b9162283d29235d9460e50d580c9ecc9", "class_name": "RelatedNodeInfo"}, "3": {"node_id": "0702c10c-36e4-470b-bc7e-515c0cc913a3", "node_type": "1", "metadata": {}, "hash": "dee3602e8d8317efd2729733c08aa47acc8d26820bbf422e80cac78db9d73035", "class_name": "RelatedNodeInfo"}}, "text": "\u8fd9\u4e9b\u624b\u673a\u5f88\u5927\u4e00\u90e8\u5206\u51fa\u53e3\u5230\u6d77\u5916\uff0c\u4f8b\u5982\u5728\u6709\u6570\u636e\u7edf\u8ba1\u76842020\u5e74\uff0c\u90d1\u5dde\u51fa\u53e3\u624b\u673a\u6570\u91cf\u5360\u751f\u4ea7\u624b\u673a\u6570\u91cf\u768468%\u3002\r\n\r\n\u5bcc\u58eb\u5eb7\u5de8\u5927\u7684\u51fa\u53e3\u4f53\u91cf\u4e5f\u5e26\u52a8\u6cb3\u5357\u6574\u4f53\u51fa\u53e3\u4e0a\u6da8\u3002\u636e\u6cb3\u5357\u7701\u653f\u5e9c2023\u5e741\u6708\u53d1\u5e03\u7684\u6d88\u606f\uff0c\u5bcc\u58eb\u5eb7\u8fdb\u51fa\u53e3\u989d\u7ea6\u5360\u5168\u7701\u8fdb\u51fa\u53e3\u603b\u989d60%\uff0c\u5360\u90d1\u5dde\u5e02\u8fdb\u51fa\u53e3\u603b\u989d80%\u3002\r\n\r\n\r\n\u4e0a\u8ff0\u6570\u636e\u6beb\u65e0\u7591\u95ee\u5730\u8bf4\u660e\u4e86\u5bcc\u58eb\u5eb7\u5bf9\u4e8e\u5f53\u5730\u7ecf\u6d4e\u7684\u91cd\u8981\u6027\u3002\r\n\r\n\u5f53\u7136\uff0c\u6cb3\u5357\u548c\u90d1\u5dde\u5bf9\u4e8e\u5bcc\u58eb\u5eb7\u7684\u53d1\u5c55\u4e5f\u7ed9\u4e88\u4e86\u5927\u529b\u652f\u6301\u3002\u5730\u65b9\u653f\u5e9c\u9664\u4e86\u7ed9\u5bcc\u58eb\u5eb7\u63d0\u4f9b\u571f\u5730\u3001\u7a0e\u6536\u7b49\u4f18\u60e0\u653f\u7b56\u5916\uff0c\u8fd8\u5bf9\u5176\u6700\u6025\u9700\u7684\u52b3\u52a8\u529b\u63a8\u884c\u4e86\u201c\u81ea\u4e0a\u800c\u4e0b\u201d\u7684\u62db\u5de5\u6a21\u5f0f\u3002\r\n\r\n\u9648\u8096\u98de\u7684\u8bba\u6587\u63d0\u5230\uff0c\u6cb3\u5357\u7701\u653f\u5e9c\u5c06\u62db\u5de5\u4efb\u52a1\u5206\u914d\u7ed9\u4e86\u6cb3\u5357\u7701\u5404\u5730\u7ea7\u5e02\u653f\u5e9c\uff0c\u4efb\u52a1\u9010\u7ea7\u4e0b\u653e\uff0c\u5e73\u5747\u6bcf\u4e2a\u4e61\u9547\u90fd\u9700\u8981\u62db\u52df30-50\u540d\u5de5\u4eba\u53bb\u5bcc\u58eb\u5eb7\u5de5\u4f5c\uff0c\u751a\u81f3\u8fd8\u5c06\u62db\u5de5\u7684\u5b8c\u6210\u60c5\u51b5\u4f5c\u4e3a\u8003\u6838\u653f\u5e9c\u5de5\u4f5c\u7684\u91cd\u8981\u53c2\u7167\u6807\u51c6\u3002\r\n\r\n\u4e3a\u4e86\u6700\u5927\u7a0b\u5ea6\u6574\u5408\u533a\u57df\u8d44\u6e90\uff0c\u5bcc\u58eb\u5eb7\u5728\u6cb3\u5357\u7701\u5176\u4ed6\u57ce\u5e02\u8ffd\u52a0\u6295\u8d44\uff0c\u9010\u6e10\u5f62\u6210\u4e86\u201c\u4e00\u6838\u201d(\u90d1\u5dde\u822a\u7a7a\u6e2f\u7ecf\u6d4e\u7efc\u5408\u5b9e\u9a8c\u533a)\u3001\u201c\u591a\u70b9\u201d(\u6d4e\u6e90\u5e02\u3001\u9e64\u58c1\u5e02\u3001\u5468\u53e3\u5e02\u3001\u5546\u4e18\u5e02\u3001\u5357\u9633\u5e02\u7b49)\u7684\u533a\u57df\u751f\u4ea7\u7f51\u7edc\u3002", "mimetype": "text/plain", "start_char_idx": 843, "end_char_idx": 1269, "text_template": "{metadata_str}\n\n{content}", "metadata_template": "{key}: {value}", "metadata_seperator": "\n", "class_name": "TextNode"}, "__type__": "1"}, "0702c10c-36e4-470b-bc7e-515c0cc913a3": {"__data__": {"id_": "0702c10c-36e4-470b-bc7e-515c0cc913a3", "embedding": null, "metadata": {"file_path": "/home/huangjia/Documents/08_RAG/LlamaIndex/02_Components/../00_Data/sample.txt", "file_name": "sample.txt", "file_type": "text/plain", "file_size": 9770, "creation_date": "2024-08-15", "last_modified_date": "2024-08-15"}, "excluded_embed_metadata_keys": ["file_name", "file_type", "file_size", "creation_date", "last_modified_date", "last_accessed_date"], "excluded_llm_metadata_keys": ["file_name", "file_type", "file_size", "creation_date", "last_modified_date", "last_accessed_date"], "relationships": {"1": {"node_id": "5e08a4ab-53e5-43a9-85ad-f0ae55d3b4ee", "node_type": "4", "metadata": {"file_path": "/home/huangjia/Documents/08_RAG/LlamaIndex/02_Components/../00_Data/sample.txt", "file_name": "sample.txt", "file_type": "text/plain", "file_size": 9770, "creation_date": "2024-08-15", "last_modified_date": "2024-08-15"}, "hash": "cb15cb46adfd1a6a7508641fbfa04a3c9729c4dab282464c1d4c1b3ff2b41852", "class_name": "RelatedNodeInfo"}, "2": {"node_id": "74bd2040-3640-477b-8224-9e36d7b99272", "node_type": "1", "metadata": {"file_path": "/home/huangjia/Documents/08_RAG/LlamaIndex/02_Components/../00_Data/sample.txt", "file_name": "sample.txt", "file_type": "text/plain", "file_size": 9770, "creation_date": "2024-08-15", "last_modified_date": "2024-08-15"}, "hash": "4adb93b998ca30172711cf18bfbedcd4cc04c3355ffce8ebf609a549d7d6a81a", "class_name": "RelatedNodeInfo"}, "3": {"node_id": "8ec705ac-40fa-4b06-b842-b3c7bb03b0b6", "node_type": "1", "metadata": {}, "hash": "54664089a7173614bef833562b0f6707c6e9b53a74cdce589f3a74b110ba6e6e", "class_name": "RelatedNodeInfo"}}, "text": "\u56fe\u7247\u6765\u6e90\uff1a\u300a\u52b3\u52a8\u529b\u89c6\u89d2\u4e0b\u8de8\u56fd\u516c\u53f8\u5730\u65b9\u5d4c\u5165\u4e0e\u533a\u57df\u53d1\u5c55\u6218\u7565\u8026\u5408\u673a\u5236\u2014\u2014\u4ee5\u5bcc\u58eb\u5eb7\u90d1\u5dde\u6295\u8d44\u4e3a\u4f8b\u300b\uff0c\u9648\u8096\u98de\u7b49\uff0c\u300a\u5730\u7406\u7814\u7a76\u300b2021\u5e7412\u6708\u7b2c40\u5377\u7b2c12\u671f\r\n\r\n\u53cc\u65b9\u5ea6\u8fc7\u4e86\u8fd110\u5e74\u7684\u201c\u871c\u6708\u671f\u201d\uff0c\u5728\u8fd9\u671f\u95f4\uff0c\u6cb3\u5357\u4ee5\u53ca\u90d1\u5dde\u7684\u7ecf\u6d4e\u548c\u5bcc\u58eb\u5eb7\u7684\u4e1a\u7ee9\u4e00\u8d77\u5411\u4e0a\u589e\u957f\u3002\r\n\r\n\u6cb3\u5357\u53ef\u80fd\u6ca1\u6709\u60f3\u5230\uff0c\u5f53\u521d\u5f15\u5165\u5bcc\u58eb\u5eb7\u4f1a\u4e3a\u5f53\u5730\u5e26\u6765\u5982\u6b64\u5927\u7684\u5f71\u54cd\u3002\u800c\u5f53\u4e00\u5bb6\u4f01\u4e1a\u7684\u89c4\u6a21\u53ef\u4ee5\u7528\u201c\u5de8\u5927\u201d\u6765\u5f62\u5bb9\u65f6\uff0c\u53c8\u6709\u4e00\u4e9b\u58f0\u97f3\u63d0\u51fa\uff0c\u90d1\u5dde\u548c\u6cb3\u5357\u662f\u5426\u60a3\u4e0a\u4e86\u201c\u5bcc\u58eb\u5eb7\u4f9d\u8d56\u75c7\u201d\uff1f\r\n\r\n\u77ed\u6682\u8c03\u6574\r\n\r\n\u5bcc\u58eb\u5eb7\u5728\u6cb3\u5357\u5efa\u5382\u662f\u4e2d\u56fd\u5bf9\u5916\u5f00\u653e\u7684\u4e00\u4e2a\u7f29\u5f71\u3002\r\n\r\n\u5546\u52a1\u90e8\u6570\u636e\u663e\u793a\uff0c\u52a0\u5165WTO\u540e\uff0c\u6211\u56fd\u5229\u7528\u5916\u8d44\u4ece2001\u5e74\u7684468.8\u4ebf\u7f8e\u5143\u589e\u52a0\u52302020\u5e74\u76841443.74\u4ebf\u7f8e\u5143\uff0c\u6210\u4e3a\u5168\u7403\u6700\u5927\u8d27\u7269\u8d38\u6613\u56fd\u548c\u5168\u7403\u6700\u5927\u5916\u8d44\u6d41\u5165\u56fd\u3002\r\n\r\n\u4e0d\u8fc7\u5728\u75ab\u60c5\u671f\u95f4\uff0c\u90d1\u5dde\u5bcc\u58eb\u5eb7\u7684\u751f\u4ea7\u53d7\u5230\u5f71\u54cd\uff0c\u4e00\u5ea6\u51fa\u73b0\u4eba\u5458\u77ed\u7f3a\u95ee\u9898\uff0c\u4ea7\u91cf\u5927\u5e45\u4e0b\u964d\u30022020\u5e74\uff0c\u90d1\u5dde\u624b\u673a\u4ea7\u91cf\u4ec5\u4e3a1.35\u4ebf\u53f0\uff0c\u6bd42019\u5e74\u4e0b\u964d\u4e861/3\u4ee5\u4e0a\u30022021\u5e74\u6709\u6240\u56de\u5347\uff0c\u4f462022\u5e74\u30012023\u5e74\u53c8\u51fa\u73b0\u8fde\u7eed\u4e0b\u6ed1\u3002\r\n\r\n\u540c\u65f6\uff0c\u6cb3\u5357\u624b\u673a\u51fa\u53e3\u91cf\u5728\u8fc7\u53bb\u56db\u5e74\u4e5f\u4e0d\u65ad\u4e0b\u964d\uff0c\u4ece2020\u5e749210.9\u4e07\u53f0\uff0c\u4e0b\u964d\u81f32023\u5e745761.", "mimetype": "text/plain", "start_char_idx": 1273, "end_char_idx": 1752, "text_template": "{metadata_str}\n\n{content}", "metadata_template": "{key}: {value}", "metadata_seperator": "\n", "class_name": "TextNode"}, "__type__": "1"}, "8ec705ac-40fa-4b06-b842-b3c7bb03b0b6": {"__data__": {"id_": "8ec705ac-40fa-4b06-b842-b3c7bb03b0b6", "embedding": null, "metadata": {"file_path": "/home/huangjia/Documents/08_RAG/LlamaIndex/02_Components/../00_Data/sample.txt", "file_name": "sample.txt", "file_type": "text/plain", "file_size": 9770, "creation_date": "2024-08-15", "last_modified_date": "2024-08-15"}, "excluded_embed_metadata_keys": ["file_name", "file_type", "file_size", "creation_date", "last_modified_date", "last_accessed_date"], "excluded_llm_metadata_keys": ["file_name", "file_type", "file_size", "creation_date", "last_modified_date", "last_accessed_date"], "relationships": {"1": {"node_id": "5e08a4ab-53e5-43a9-85ad-f0ae55d3b4ee", "node_type": "4", "metadata": {"file_path": "/home/huangjia/Documents/08_RAG/LlamaIndex/02_Components/../00_Data/sample.txt", "file_name": "sample.txt", "file_type": "text/plain", "file_size": 9770, "creation_date": "2024-08-15", "last_modified_date": "2024-08-15"}, "hash": "cb15cb46adfd1a6a7508641fbfa04a3c9729c4dab282464c1d4c1b3ff2b41852", "class_name": "RelatedNodeInfo"}, "2": {"node_id": "0702c10c-36e4-470b-bc7e-515c0cc913a3", "node_type": "1", "metadata": {"file_path": "/home/huangjia/Documents/08_RAG/LlamaIndex/02_Components/../00_Data/sample.txt", "file_name": "sample.txt", "file_type": "text/plain", "file_size": 9770, "creation_date": "2024-08-15", "last_modified_date": "2024-08-15"}, "hash": "fe1ccf4aec30c18c0d84db72da670f6cddaa54d40fe2a6a9475e2375c34d9298", "class_name": "RelatedNodeInfo"}, "3": {"node_id": "e1a5c4ff-1226-4ec7-b7c7-ef1862613336", "node_type": "1", "metadata": {}, "hash": "60da7a3d793adbaa07e519c984af135ef9041ccc5a88e3ce6e1d67cba012b826", "class_name": "RelatedNodeInfo"}}, "text": "0\u4e07\u53f0\u3002\r\n\r\n\u53e6\u4e00\u65b9\u9762\uff0c\u968f\u7740\u4e2d\u56fd\u4eba\u529b\u6210\u672c\u4e0a\u5347\u4ee5\u53ca\u56fd\u9645\u73af\u5883\u7684\u53d8\u5316\uff0c\u90e8\u5206\u4f01\u4e1a\u5c06\u5de5\u5382\u8fc1\u79fb\u5230\u4e1c\u5357\u4e9a\u4ee5\u53ca\u5370\u5ea6\u3002\u5bcc\u58eb\u5eb7\u4e5f\u5728\u5370\u5ea6\u548c\u8d8a\u5357\u5efa\u8bbe\u4e86\u65b0\u5de5\u5382\uff0c\u8ba1\u5212\u5728\u5f53\u5730\u751f\u4ea7\u82f9\u679c\u516c\u53f8\u7684\u4ea7\u54c1\uff0c\u5f15\u53d1\u201c\u5bcc\u58eb\u5eb7\u51fa\u8d70\u201d\u7684\u731c\u60f3\u3002\r\n\r\n\u5728\u8fd9\u671f\u95f4\uff0c\u90d1\u5dde\u7684\u7ecf\u6d4e\u589e\u901f\u5e76\u4e0d\u7406\u60f3\uff0c\u7279\u522b\u662f\u57282022\u5e74\uff0c\u5176GDP\u589e\u901f\u53ea\u67091%\u3002\u8fd9\u5176\u4e2d\u6709\u75ab\u60c5\u548c\u623f\u5730\u4ea7\u7b49\u56e0\u7d20\uff0c\u540c\u65f6\u4e5f\u6709\u5bcc\u58eb\u5eb7\u51cf\u4ea7\u6240\u5e26\u6765\u7684\u5f71\u54cd\u3002\r\n\r\n\u4e0d\u8fc7\u5bcc\u58eb\u5eb7\u5728\u5370\u5ea6\u7b49\u5730\u7684\u751f\u4ea7\u5e76\u4e0d\u987a\u5229\u3002\u636e\u53c2\u8003\u6d88\u606f\u62a5\u9053\uff0c\u7531\u4e8e\u53bb\u5e74\u5370\u5ea6\u5382\u7ec4\u88c5iPhone 15\u4e0d\u987a\u906d\u5230\u9000\u8d27\uff0c\u8fd8\u88ab\u8feb\u5927\u5e45\u964d\u4ef7\uff0c\u82f9\u679c\u516c\u53f8\u9996\u5e2d\u6267\u884c\u5b98\u5e93\u514b\u524d\u5f80\u4e2d\u56fd\u5927\u9646\u91cd\u65b0\u6574\u987f\u4f9b\u5e94\u94fe\u3002\u4eca\u5e74\uff0c\u82f9\u679c\u5df2\u5c06\u90e8\u5206\u4ea7\u80fd\u8f6c\u56de\u4e2d\u56fd\u5927\u9646\u4ee3\u5de5\u5382\u3002\r\n\r\n\u800c\u5728\u75ab\u60c5\u9632\u63a7\u63aa\u65bd\u8c03\u6574\u540e\uff0c\u90d1\u5dde\u5bcc\u58eb\u5eb7\u5de5\u5382\u7684\u4eba\u5458\u6570\u91cf\u8fc5\u901f\u6062\u590d\u30022023\u5e741\u6708\uff0c\u6cb3\u5357\u7701\u653f\u5e9c\u7f51\u7ad9\u53d1\u5e03\u6587\u7ae0\u663e\u793a\uff0c\u5f53\u65f6\u5bcc\u58eb\u5eb7\u90d1\u5dde\u79d1\u6280\u56ed\u7684\u4ea7\u80fd\u5df2\u7ecf\u6062\u590d\u5230\u5b63\u8282\u6027\u5cf0\u503c\u72b6\u6001\uff0c\u4e14\u8d85\u4ee5\u5f80\u6c34\u5e73\uff0c\u4eba\u529b\u7a33\u5b9a\u572820\u4e07\u4eba\u3002\r\n\r\n\u4e4b\u540e\uff0c\u6cb3\u5357\u7701\u548c\u5bcc\u58eb\u5eb7\u7acb\u9a6c\u5f00\u59cb\u8c0b\u5212\u65b0\u7684\u5408\u4f5c\u3002", "mimetype": "text/plain", "start_char_idx": 1752, "end_char_idx": 2152, "text_template": "{metadata_str}\n\n{content}", "metadata_template": "{key}: {value}", "metadata_seperator": "\n", "class_name": "TextNode"}, "__type__": "1"}, "e1a5c4ff-1226-4ec7-b7c7-ef1862613336": {"__data__": {"id_": "e1a5c4ff-1226-4ec7-b7c7-ef1862613336", "embedding": null, "metadata": {"file_path": "/home/huangjia/Documents/08_RAG/LlamaIndex/02_Components/../00_Data/sample.txt", "file_name": "sample.txt", "file_type": "text/plain", "file_size": 9770, "creation_date": "2024-08-15", "last_modified_date": "2024-08-15"}, "excluded_embed_metadata_keys": ["file_name", "file_type", "file_size", "creation_date", "last_modified_date", "last_accessed_date"], "excluded_llm_metadata_keys": ["file_name", "file_type", "file_size", "creation_date", "last_modified_date", "last_accessed_date"], "relationships": {"1": {"node_id": "5e08a4ab-53e5-43a9-85ad-f0ae55d3b4ee", "node_type": "4", "metadata": {"file_path": "/home/huangjia/Documents/08_RAG/LlamaIndex/02_Components/../00_Data/sample.txt", "file_name": "sample.txt", "file_type": "text/plain", "file_size": 9770, "creation_date": "2024-08-15", "last_modified_date": "2024-08-15"}, "hash": "cb15cb46adfd1a6a7508641fbfa04a3c9729c4dab282464c1d4c1b3ff2b41852", "class_name": "RelatedNodeInfo"}, "2": {"node_id": "8ec705ac-40fa-4b06-b842-b3c7bb03b0b6", "node_type": "1", "metadata": {"file_path": "/home/huangjia/Documents/08_RAG/LlamaIndex/02_Components/../00_Data/sample.txt", "file_name": "sample.txt", "file_type": "text/plain", "file_size": 9770, "creation_date": "2024-08-15", "last_modified_date": "2024-08-15"}, "hash": "140dd71d3d8fe10f6abbf21b8f07cc0b18c8f53bfe08109b7221d0a3d7c4700c", "class_name": "RelatedNodeInfo"}, "3": {"node_id": "f7df0aa0-334d-4acc-a06b-ca53fe99dc9e", "node_type": "1", "metadata": {}, "hash": "de2bd62b8b6f7ccaa6b3b0f8593c0bb4369ac0e2e6a8755c71248b63c4bb0085", "class_name": "RelatedNodeInfo"}}, "text": "2023\u5e744\u6708\uff0c\u6cb3\u5357\u7701\u653f\u5e9c\u4e13\u95e8\u53ec\u5f00\u5173\u4e8e\u5bcc\u58eb\u5eb7\u7684\u52a8\u5458\u90e8\u7f72\u4f1a\uff0c\u76ee\u7684\u662f\u52a0\u5feb\u63a8\u52a8\u6cb3\u5357\u4e0e\u5bcc\u58eb\u5eb7\u79d1\u6280\u96c6\u56e2\u65b0\u4e00\u8f6e\u6218\u7565\u5408\u4f5c\u843d\u5730\u5b9e\u65bd\u3002\r\n\r\n\u6cb3\u5357\u7701\u59d4\u5e38\u59d4\u3001\u5e38\u52a1\u526f\u7701\u957f\u5b59\u5b88\u521a\u5728\u4f1a\u4e0a\u63d0\u5230\uff0c\u6df1\u5316\u4e0e\u5bcc\u58eb\u5eb7\u79d1\u6280\u96c6\u56e2\u65b0\u4e00\u8f6e\u6218\u7565\u5408\u4f5c\uff0c\u5bf9\u63a8\u52a8\u6cb3\u5357\u4ea7\u4e1a\u9ad8\u8d28\u91cf\u53d1\u5c55\u5177\u6709\u91cd\u8981\u610f\u4e49\u3002\u5b59\u5b88\u521a\u5f53\u65f6\u8981\u6c42\u5404\u4e2a\u653f\u5e9c\u90e8\u95e8\uff0c\u505a\u597d\u8ddf\u8e2a\u670d\u52a1\u3001\u5f3a\u5316\u8981\u7d20\u4fdd\u969c\u3001\u53ca\u65f6\u534f\u8c03\u89e3\u51b3\u95ee\u9898\u3002\r\n\r\n\u968f\u540e\uff0c\u4e00\u7cfb\u5217\u5408\u4f5c\u6210\u679c\u9646\u7eed\u843d\u5730\u3002\r\n\r\n2023\u5e744\u670825\u65e5\uff0c\u5bcc\u58eb\u5eb7\u65b0\u4e8b\u4e1a\u603b\u90e8\u5728\u90d1\u5dde\u63ed\u724c\u3002\u5bcc\u58eb\u5eb7\u79f0\uff0c\u5c06\u628a\u65b0\u4e8b\u4e1a\u603b\u90e8\u6253\u9020\u6210\u4e3a\u5bcc\u58eb\u5eb7\u5168\u7403\u521b\u65b0\u548c\u4ea7\u4e1a\u5e03\u5c40\u7684\u6838\u5fc3\u57fa\u5730\u548c\u91cd\u8981\u6807\u6746\u3002\r\n\r\n\u5728\u63ed\u724c\u4eea\u5f0f\u4e0a\uff0c\u5bcc\u58eb\u5eb7\u79d1\u6280\u96c6\u56e2\u8463\u4e8b\u957f\u5218\u626c\u4f1f\u8868\u793a\uff0c\u8981\u5728\u6cb3\u5357\u201c\u518d\u9020\u4e00\u4e2a\u65b0\u5bcc\u58eb\u5eb7\u201d\u3002\u6b64\u540e\uff0c\u4e00\u4e9b\u5177\u4f53\u9879\u76ee\u5f00\u59cb\u843d\u5730\u3002\r\n\r\n2023\u5e746\u670816\u65e5\uff0c\u5bcc\u58eb\u5eb7\u65b0\u4e8b\u4e1a\u53d1\u5c55\u96c6\u56e2\u6709\u9650\u516c\u53f8\u6210\u7acb\uff0c\u6ce8\u518c\u8d44\u91d110\u4ebf\u5143\uff0c\u5c06\u7edf\u7b79\u89c4\u5212\u5305\u62ec\u65b0\u80fd\u6e90\u6c7d\u8f66\u3001\u7535\u6c60\u7b49\u5728\u5185\u7684\u65b0\u4ea7\u4e1a\u53d1\u5c55\u3002\r\n\r\n2024\u5e741\u67084\u65e5\uff0c\u6cb3\u5357\u5bcc\u58eb\u5eb7\u65b0\u80fd\u6e90\u6c7d\u8f66\u4ea7\u4e1a\u53d1\u5c55\u516c\u53f8\u6210\u7acb\uff0c\u6ce8\u518c\u8d44\u91d15\u4ebf\u5143\uff0c\u8fdb\u4e00\u6b65\u805a\u7126\u65b0\u80fd\u6e90\u6c7d\u8f66\u4ea7\u4e1a\u3002", "mimetype": "text/plain", "start_char_idx": 2156, "end_char_idx": 2576, "text_template": "{metadata_str}\n\n{content}", "metadata_template": "{key}: {value}", "metadata_seperator": "\n", "class_name": "TextNode"}, "__type__": "1"}, "f7df0aa0-334d-4acc-a06b-ca53fe99dc9e": {"__data__": {"id_": "f7df0aa0-334d-4acc-a06b-ca53fe99dc9e", "embedding": null, "metadata": {"file_path": "/home/huangjia/Documents/08_RAG/LlamaIndex/02_Components/../00_Data/sample.txt", "file_name": "sample.txt", "file_type": "text/plain", "file_size": 9770, "creation_date": "2024-08-15", "last_modified_date": "2024-08-15"}, "excluded_embed_metadata_keys": ["file_name", "file_type", "file_size", "creation_date", "last_modified_date", "last_accessed_date"], "excluded_llm_metadata_keys": ["file_name", "file_type", "file_size", "creation_date", "last_modified_date", "last_accessed_date"], "relationships": {"1": {"node_id": "5e08a4ab-53e5-43a9-85ad-f0ae55d3b4ee", "node_type": "4", "metadata": {"file_path": "/home/huangjia/Documents/08_RAG/LlamaIndex/02_Components/../00_Data/sample.txt", "file_name": "sample.txt", "file_type": "text/plain", "file_size": 9770, "creation_date": "2024-08-15", "last_modified_date": "2024-08-15"}, "hash": "cb15cb46adfd1a6a7508641fbfa04a3c9729c4dab282464c1d4c1b3ff2b41852", "class_name": "RelatedNodeInfo"}, "2": {"node_id": "e1a5c4ff-1226-4ec7-b7c7-ef1862613336", "node_type": "1", "metadata": {"file_path": "/home/huangjia/Documents/08_RAG/LlamaIndex/02_Components/../00_Data/sample.txt", "file_name": "sample.txt", "file_type": "text/plain", "file_size": 9770, "creation_date": "2024-08-15", "last_modified_date": "2024-08-15"}, "hash": "97064c037777dc9172171626c8b061359fe47c5eac7b37a0d050b8c7c7c2a0c3", "class_name": "RelatedNodeInfo"}, "3": {"node_id": "cc540951-e830-4170-8556-80fe524d8ae2", "node_type": "1", "metadata": {}, "hash": "d5d905c9d79590f95b2c3b63855b35af2874350c1280fd08d59c61545eba6e5e", "class_name": "RelatedNodeInfo"}}, "text": "\u518d\u5ea6\u52a0\u7801\r\n\r\n2024\u5e747\u670822\u65e5\uff0c\u6cb3\u5357\u7701\u4eba\u6c11\u653f\u5e9c\u4e0e\u5bcc\u58eb\u5eb7\u79d1\u6280\u96c6\u56e2\u5728\u90d1\u5dde\u7b7e\u7f72\u6218\u7565\u5408\u4f5c\u534f\u8bae\u3002\u6cb3\u5357\u7701\u59d4\u4e66\u8bb0\u697c\u9633\u751f\u51fa\u5e2d\u7b7e\u7ea6\u4eea\u5f0f\uff0c\u53ef\u89c1\u5f53\u5730\u5bf9\u4e8e\u8be5\u5408\u4f5c\u7684\u91cd\u89c6\u7a0b\u5ea6\u3002\r\n\r\n\u636e\u9e3f\u6d77\u53d1\u5e03\u7684\u516c\u544a\uff0c\u5bcc\u58eb\u5eb7\u5c06\u5728\u90d1\u5dde\u6295\u8d44\u5efa\u8bbe\u7684\u65b0\u4e8b\u4e1a\u603b\u90e8\u5927\u697c\uff0c\u9879\u76ee\u4e00\u671f\u9009\u5740\u5728\u90d1\u5dde\u90d1\u4e1c\u65b0\u533a\uff0c\u5efa\u7b51\u9762\u79ef\u7ea6700\u516c\u4ea9\uff0c\u603b\u6295\u8d44\u7ea610\u4ebf\u5143\u4eba\u6c11\u5e01\u3002\u4e3b\u8981\u5efa\u8bbe\u603b\u90e8\u7ba1\u7406\u4e2d\u5fc3\u3001\u7814\u53d1\u4e2d\u5fc3\u548c\u5de5\u7a0b\u4e2d\u5fc3\u3001\u6218\u7565\u4ea7\u4e1a\u53d1\u5c55\u4e2d\u5fc3\u3001\u6218\u7565\u4ea7\u4e1a\u91d1\u878d\u5e73\u53f0\u3001\u4ea7\u4e1a\u7814\u7a76\u9662\u548c\u5173\u952e\u4eba\u624d\u4e2d\u5fc3\u3001\u8425\u9500\u4e2d\u5fc3\u3001\u4f9b\u5e94\u94fe\u7ba1\u7406\u4e2d\u5fc3\u7b49\u4e03\u5927\u4e2d\u5fc3\u3002\r\n\r\n\u6cb3\u5357\u4e0e\u5bcc\u58eb\u5eb7\u7684\u8fd9\u4e00\u8f6e\u6218\u7565\u5408\u4f5c\uff0c\u4e0d\u518d\u53ea\u662f\u805a\u7126\u624b\u673a\uff0c\u800c\u662f\u56f4\u7ed5\u201c3+3\u201d\u6218\u7565\u843d\u5730\u5b9e\u65bd\u3002\r\n\r\n\u56fe\u7247\u6765\u6e90\uff1a\u6cb3\u5357\u65e5\u62a5\r\n\r\n\u6240\u8c13\u201c3\uff0b3\u201d\u6218\u7565\uff0c\u662f\u6307\u7535\u52a8\u8f66\u3001\u6570\u5b57\u5065\u5eb7\u3001\u673a\u5668\u4eba\u4e09\u5927\u65b0\u5174\u4ea7\u4e1a\u4ee5\u53ca\u4eba\u5de5\u667a\u80fd\u3001\u534a\u5bfc\u4f53\u3001\u65b0\u4e16\u4ee3\u79fb\u52a8\u901a\u8baf\u4e09\u9879\u65b0\u6280\u672f\u9886\u57df\u3002\u8fd9\u4e9b\u4ea7\u4e1a\u4e5f\u662f\u76ee\u524d\u56fd\u5185\u5927\u529b\u53d1\u5c55\u7684\u65b0\u5174\u4ea7\u4e1a\u3002\r\n\r\n\r\n\u5bcc\u58eb\u5eb7\u8fd8\u5c06\u5728\u90d1\u5dde\u822a\u7a7a\u6e2f\u7ecf\u6d4e\u7efc\u5408\u5b9e\u9a8c\u533a\u5e03\u5c40\u7535\u52a8\u8f66\u8bd5\u5236\u4e2d\u5fc3\u3001\u56fa\u6001\u7535\u6c60\u7b49\u9879\u76ee\u30027\u670823\u65e5\uff0c\u5bcc\u58eb\u5eb7\u65b0\u80fd\u6e90\u6c7d\u8f66\u8bd5\u5236\u4e2d\u5fc3\u5df2\u5728\u90d1\u5dde\u822a\u7a7a\u6e2f\u533a\u4e3e\u884c\u4e86\u5f00\u5de5\u4eea\u5f0f\u3002", "mimetype": "text/plain", "start_char_idx": 2580, "end_char_idx": 3010, "text_template": "{metadata_str}\n\n{content}", "metadata_template": "{key}: {value}", "metadata_seperator": "\n", "class_name": "TextNode"}, "__type__": "1"}, "cc540951-e830-4170-8556-80fe524d8ae2": {"__data__": {"id_": "cc540951-e830-4170-8556-80fe524d8ae2", "embedding": null, "metadata": {"file_path": "/home/huangjia/Documents/08_RAG/LlamaIndex/02_Components/../00_Data/sample.txt", "file_name": "sample.txt", "file_type": "text/plain", "file_size": 9770, "creation_date": "2024-08-15", "last_modified_date": "2024-08-15"}, "excluded_embed_metadata_keys": ["file_name", "file_type", "file_size", "creation_date", "last_modified_date", "last_accessed_date"], "excluded_llm_metadata_keys": ["file_name", "file_type", "file_size", "creation_date", "last_modified_date", "last_accessed_date"], "relationships": {"1": {"node_id": "5e08a4ab-53e5-43a9-85ad-f0ae55d3b4ee", "node_type": "4", "metadata": {"file_path": "/home/huangjia/Documents/08_RAG/LlamaIndex/02_Components/../00_Data/sample.txt", "file_name": "sample.txt", "file_type": "text/plain", "file_size": 9770, "creation_date": "2024-08-15", "last_modified_date": "2024-08-15"}, "hash": "cb15cb46adfd1a6a7508641fbfa04a3c9729c4dab282464c1d4c1b3ff2b41852", "class_name": "RelatedNodeInfo"}, "2": {"node_id": "f7df0aa0-334d-4acc-a06b-ca53fe99dc9e", "node_type": "1", "metadata": {"file_path": "/home/huangjia/Documents/08_RAG/LlamaIndex/02_Components/../00_Data/sample.txt", "file_name": "sample.txt", "file_type": "text/plain", "file_size": 9770, "creation_date": "2024-08-15", "last_modified_date": "2024-08-15"}, "hash": "b1b7614ec2cc13c92ed679b28e5bb984d6cc8376f984a95f6db72453bdc2f0de", "class_name": "RelatedNodeInfo"}, "3": {"node_id": "75aaed7d-ef02-45db-acee-10be447bb34d", "node_type": "1", "metadata": {}, "hash": "cdc502b78f305f96056a2dabe15c4c6ef083f4579ddc869bf5fb877edb35df41", "class_name": "RelatedNodeInfo"}}, "text": "\u6cb3\u5357\u7701\u7701\u957f\u738b\u51ef\u8868\u793a\uff0c\u5e0c\u671b\u5bcc\u58eb\u5eb7\u575a\u5b9a\u6295\u8d44\u6cb3\u5357\u4fe1\u5fc3\uff0c\u805a\u7126\u65b0\u4ea7\u4e1a\u57f9\u80b2\u3001\u65b0\u6280\u672f\u7814\u53d1\u2026\u2026\u5171\u540c\u6253\u9020\u9ad8\u7aef\u5236\u9020\u4ea7\u4e1a\u94fe\u548c\u6218\u7565\u6027\u65b0\u5174\u4ea7\u4e1a\u751f\u6001\u5708\u3002\r\n\r\n\u5bcc\u58eb\u5eb7\u79d1\u6280\u96c6\u56e2\u8463\u4e8b\u957f\u5218\u626c\u4f1f\u4e5f\u63d0\u5230\uff0c\u5bcc\u58eb\u5eb7\u5c06\u7ee7\u7eed\u624e\u6839\u6cb3\u5357\u3001\u6df1\u8015\u6cb3\u5357\uff0c\u5728\u65b0\u6280\u672f\u65b0\u9886\u57df\u65b0\u8d5b\u9053\u6df1\u5316\u53cc\u65b9\u5408\u4f5c\u3002\r\n\r\n\u6cb3\u5357\u9700\u8981\u5bcc\u58eb\u5eb7\uff0c\u4f46\u4e0d\u53ea\u9700\u8981\u5bcc\u58eb\u5eb7\u3002\u5728\u6b64\u6b21\u5408\u4f5c\u5f00\u542f\u4e4b\u524d\uff0c\u6cb3\u5357\u7701\u5c31\u5df2\u5728\u79ef\u6781\u63a8\u52a8\u4ea7\u4e1a\u591a\u5143\u5316\uff0c\u4ece\u800c\u51cf\u5c11\u5bf9\u5355\u4e00\u4f01\u4e1a\u7684\u4f9d\u8d56\uff0c\u7535\u52a8\u8f66\u884c\u4e1a\u7684\u9f99\u5934\u4f01\u4e1a\u6bd4\u4e9a\u8fea\u6210\u4e3a\u9996\u9009\u3002\r\n\r\n2023\u5e744\u6708\uff0c\u90d1\u5dde\u6bd4\u4e9a\u8fea\u5de5\u5382\u6b63\u5f0f\u6295\u4ea7\u30022023\u5e74\u90d1\u5dde\u751f\u4ea7\u768431.6\u4e07\u8f86\u65b0\u80fd\u6e90\u6c7d\u8f66\u4e2d\uff0c\u670920\u4e07\u8f86\u6c7d\u8f66\u662f\u6bd4\u4e9a\u8fea\u751f\u4ea7\u7684\u3002\u5728\u6bd4\u4e9a\u8fea\u7684\u52a9\u529b\u4e0b\uff0c\u90d1\u5dde\u7528\u4e86\u4e0d\u5230\u4e00\u5e74\u65f6\u95f4\uff0c\u5c31\u8fdb\u5165\u65b0\u80fd\u6e90\u6c7d\u8f66\u4ea7\u91cf\u524d\u5341\u57ce\u5e02\u699c\u5355\u3002\r\n\r\n\r\n\u624b\u673a\u51fa\u53e3\u201c\u5931\u901f\u201d\u540e\uff0c\u90d1\u5dde\u7535\u52a8\u6c7d\u8f66\u51fa\u53e3\u8868\u73b0\u4eae\u773c\u3002\u90d1\u5dde\u6d77\u5173\u6570\u636e\u663e\u793a\uff0c2024\u5e74\u524d4\u4e2a\u6708\uff0c\u6cb3\u5357\u7535\u52a8\u6c7d\u8f66\u51fa\u53e3\u989d26.8\u4ebf\u5143\uff0c\u540c\u6bd4\u589e\u957f69.6%\u3002", "mimetype": "text/plain", "start_char_idx": 3014, "end_char_idx": 3381, "text_template": "{metadata_str}\n\n{content}", "metadata_template": "{key}: {value}", "metadata_seperator": "\n", "class_name": "TextNode"}, "__type__": "1"}, "75aaed7d-ef02-45db-acee-10be447bb34d": {"__data__": {"id_": "75aaed7d-ef02-45db-acee-10be447bb34d", "embedding": null, "metadata": {"file_path": "/home/huangjia/Documents/08_RAG/LlamaIndex/02_Components/../00_Data/sample.txt", "file_name": "sample.txt", "file_type": "text/plain", "file_size": 9770, "creation_date": "2024-08-15", "last_modified_date": "2024-08-15"}, "excluded_embed_metadata_keys": ["file_name", "file_type", "file_size", "creation_date", "last_modified_date", "last_accessed_date"], "excluded_llm_metadata_keys": ["file_name", "file_type", "file_size", "creation_date", "last_modified_date", "last_accessed_date"], "relationships": {"1": {"node_id": "5e08a4ab-53e5-43a9-85ad-f0ae55d3b4ee", "node_type": "4", "metadata": {"file_path": "/home/huangjia/Documents/08_RAG/LlamaIndex/02_Components/../00_Data/sample.txt", "file_name": "sample.txt", "file_type": "text/plain", "file_size": 9770, "creation_date": "2024-08-15", "last_modified_date": "2024-08-15"}, "hash": "cb15cb46adfd1a6a7508641fbfa04a3c9729c4dab282464c1d4c1b3ff2b41852", "class_name": "RelatedNodeInfo"}, "2": {"node_id": "cc540951-e830-4170-8556-80fe524d8ae2", "node_type": "1", "metadata": {"file_path": "/home/huangjia/Documents/08_RAG/LlamaIndex/02_Components/../00_Data/sample.txt", "file_name": "sample.txt", "file_type": "text/plain", "file_size": 9770, "creation_date": "2024-08-15", "last_modified_date": "2024-08-15"}, "hash": "d0b0a8b8fc73295a35cb8027e9a7de613ee6def6bf79db1d6ce2aa539560a1a2", "class_name": "RelatedNodeInfo"}}, "text": "6%\u3002\r\n\r\n\u800c\u636e\u5a92\u4f53\u6700\u65b0\u62a5\u9053\uff0c\u8fd1\u65e5\uff0c\u968f\u7740\u65b0\u8f66\u578b\u70ed\u9500\uff0c\u6bd4\u4e9a\u8fea\u90d1\u5dde\u57fa\u5730\u4e5f\u5ba3\u5e03\u542f\u52a8\u5e74\u5185\u7b2c\u4e8c\u6b21\u5927\u89c4\u6a21\u62db\u8058\uff0c\u5355\u6708\u76f4\u8058\u89c4\u6a21\u8fbe\u52304000\u4eba\uff0c\u5c97\u4f4d\u85aa\u8d44\u6700\u9ad8\u53ef\u8fbe9000\u5143/\u6708\u3002\r\n\r\n\u5f53\u7136\uff0c\u5bcc\u58eb\u5eb7\u4ecd\u662f\u6cb3\u5357\u6700\u4e3a\u91cd\u89c6\u7684\u4f01\u4e1a\u4e4b\u4e00\uff0c\u672a\u6765\u53cc\u65b9\u8fd8\u5c06\u4e00\u8d77\u63a8\u52a8\u201c3\uff0b3\u201d\u65b0\u5174\u4ea7\u4e1a\u843d\u5730\u3002\r\n\r\n\u65f6\u95f4\u56de\u52302010\u5e74\uff0c\u5bcc\u58eb\u5eb7\u521a\u521a\u51b3\u5b9a\u843d\u6237\u90d1\u5dde\u65f6\uff0c\u7ed9\u51fa\u7684\u7406\u7531\u662f\u770b\u4e2d\u8fd9\u91cc\u7684\u201c\u98de\u673a\u573a\u3001\u4eba\u53e3\u548c\u4f4d\u7f6e\u201d\u3002\r\n\r\n\u5982\u4eca\uff0c\u8fd9\u4e9b\u7279\u70b9\u90fd\u6ca1\u6709\u6539\u53d8\uff0c\u5e76\u4e14\u8fd8\u6709\u4e2d\u56fd\u4ea7\u4e1a\u8f6c\u578b\u5347\u7ea7\u7684\u673a\u4f1a\u3001\u5b8c\u5584\u7684\u4f9b\u5e94\u94fe\uff0c\u4ee5\u53ca\u5730\u65b9\u653f\u5e9c\u5927\u529b\u652f\u6301\u7b49\u5916\u5728\u52a9\u529b\u3002", "mimetype": "text/plain", "start_char_idx": 3378, "end_char_idx": 3610, "text_template": "{metadata_str}\n\n{content}", "metadata_template": "{key}: {value}", "metadata_seperator": "\n", "class_name": "TextNode"}, "__type__": "1"}, "0202eb3e-85d0-40c3-9efe-0df4f1a0557b": {"__data__": {"id_": "0202eb3e-85d0-40c3-9efe-0df4f1a0557b", "embedding": null, "metadata": {"file_path": "/home/huangjia/Documents/08_RAG/LlamaIndex/02_Components/../00_Data/sample_mlb_teams.csv", "file_name": "sample_mlb_teams.csv", "file_type": "text/csv", "file_size": 96, "creation_date": "2024-08-10", "last_modified_date": "2024-08-10"}, "excluded_embed_metadata_keys": ["file_name", "file_type", "file_size", "creation_date", "last_modified_date", "last_accessed_date"], "excluded_llm_metadata_keys": ["file_name", "file_type", "file_size", "creation_date", "last_modified_date", "last_accessed_date"], "relationships": {"1": {"node_id": "8d2cf55b-cf98-4506-9f39-b5f6e5352a40", "node_type": "4", "metadata": {"file_path": "/home/huangjia/Documents/08_RAG/LlamaIndex/02_Components/../00_Data/sample_mlb_teams.csv", "file_name": "sample_mlb_teams.csv", "file_type": "text/csv", "file_size": 96, "creation_date": "2024-08-10", "last_modified_date": "2024-08-10"}, "hash": "210afb3249fb0065d021fbf7cb101e83080a9c2753d28a2bbf737fa733ecf392", "class_name": "RelatedNodeInfo"}}, "text": "Nationals, 81.34, 98\nReds, 82.2, 97\nYankees, 197.96, 95\nGiants, 117.62, 94", "mimetype": "text/plain", "start_char_idx": 0, "end_char_idx": 74, "text_template": "{metadata_str}\n\n{content}", "metadata_template": "{key}: {value}", "metadata_seperator": "\n", "class_name": "TextNode"}, "__type__": "1"}}, "docstore/metadata": {"6e95bafe-5646-4ae5-90b2-3174a4ae2792": {"doc_hash": "8ca9c3aebb4428f5a32cabd2e3dac571ce29fe5c91e7af12a773e524e0f934e2", "ref_doc_id": "f7b50e07-7ce0-4de5-a6e8-b6d1bd8836c0"}, "733101e5-c3e8-4f93-bf1f-c5505ebd4ec7": {"doc_hash": "1c326d20586d57842a4ab95044d00ad41c6b410825f938cb5ee2e7ef6bf5d361", "ref_doc_id": "5e08a4ab-53e5-43a9-85ad-f0ae55d3b4ee"}, "d5759151-2acd-4d04-8dee-dbcd2e6aa70b": {"doc_hash": "caec4c8bcd6b69de5cb66ba47197a6b3b9162283d29235d9460e50d580c9ecc9", "ref_doc_id": "5e08a4ab-53e5-43a9-85ad-f0ae55d3b4ee"}, "74bd2040-3640-477b-8224-9e36d7b99272": {"doc_hash": "4adb93b998ca30172711cf18bfbedcd4cc04c3355ffce8ebf609a549d7d6a81a", "ref_doc_id": "5e08a4ab-53e5-43a9-85ad-f0ae55d3b4ee"}, "0702c10c-36e4-470b-bc7e-515c0cc913a3": {"doc_hash": "fe1ccf4aec30c18c0d84db72da670f6cddaa54d40fe2a6a9475e2375c34d9298", "ref_doc_id": "5e08a4ab-53e5-43a9-85ad-f0ae55d3b4ee"}, "8ec705ac-40fa-4b06-b842-b3c7bb03b0b6": {"doc_hash": "140dd71d3d8fe10f6abbf21b8f07cc0b18c8f53bfe08109b7221d0a3d7c4700c", "ref_doc_id": "5e08a4ab-53e5-43a9-85ad-f0ae55d3b4ee"}, "e1a5c4ff-1226-4ec7-b7c7-ef1862613336": {"doc_hash": "97064c037777dc9172171626c8b061359fe47c5eac7b37a0d050b8c7c7c2a0c3", "ref_doc_id": "5e08a4ab-53e5-43a9-85ad-f0ae55d3b4ee"}, "f7df0aa0-334d-4acc-a06b-ca53fe99dc9e": {"doc_hash": "b1b7614ec2cc13c92ed679b28e5bb984d6cc8376f984a95f6db72453bdc2f0de", "ref_doc_id": "5e08a4ab-53e5-43a9-85ad-f0ae55d3b4ee"}, "cc540951-e830-4170-8556-80fe524d8ae2": {"doc_hash": "d0b0a8b8fc73295a35cb8027e9a7de613ee6def6bf79db1d6ce2aa539560a1a2", "ref_doc_id": "5e08a4ab-53e5-43a9-85ad-f0ae55d3b4ee"}, "75aaed7d-ef02-45db-acee-10be447bb34d": {"doc_hash": "f66a480e88089f52e66bc63176ca7782bbea529db664863b841ef28994d692c5", "ref_doc_id": "5e08a4ab-53e5-43a9-85ad-f0ae55d3b4ee"}, "0202eb3e-85d0-40c3-9efe-0df4f1a0557b": {"doc_hash": "210afb3249fb0065d021fbf7cb101e83080a9c2753d28a2bbf737fa733ecf392", "ref_doc_id": "8d2cf55b-cf98-4506-9f39-b5f6e5352a40"}}, "docstore/ref_doc_info": {"f7b50e07-7ce0-4de5-a6e8-b6d1bd8836c0": {"node_ids": ["6e95bafe-5646-4ae5-90b2-3174a4ae2792"], "metadata": {"page_label": "1", "file_name": "TestOCR.pdf", "file_path": "/home/huangjia/Documents/08_RAG/LlamaIndex/02_Components/../00_Data/TestOCR.pdf", "file_type": "application/pdf", "file_size": 26662, "creation_date": "2024-08-10", "last_modified_date": "2024-08-10"}}, "5e08a4ab-53e5-43a9-85ad-f0ae55d3b4ee": {"node_ids": ["733101e5-c3e8-4f93-bf1f-c5505ebd4ec7", "d5759151-2acd-4d04-8dee-dbcd2e6aa70b", "74bd2040-3640-477b-8224-9e36d7b99272", "0702c10c-36e4-470b-bc7e-515c0cc913a3", "8ec705ac-40fa-4b06-b842-b3c7bb03b0b6", "e1a5c4ff-1226-4ec7-b7c7-ef1862613336", "f7df0aa0-334d-4acc-a06b-ca53fe99dc9e", "cc540951-e830-4170-8556-80fe524d8ae2", "75aaed7d-ef02-45db-acee-10be447bb34d"], "metadata": {"file_path": "/home/huangjia/Documents/08_RAG/LlamaIndex/02_Components/../00_Data/sample.txt", "file_name": "sample.txt", "file_type": "text/plain", "file_size": 9770, "creation_date": "2024-08-15", "last_modified_date": "2024-08-15"}}, "8d2cf55b-cf98-4506-9f39-b5f6e5352a40": {"node_ids": ["0202eb3e-85d0-40c3-9efe-0df4f1a0557b"], "metadata": {"file_path": "/home/huangjia/Documents/08_RAG/LlamaIndex/02_Components/../00_Data/sample_mlb_teams.csv", "file_name": "sample_mlb_teams.csv", "file_type": "text/csv", "file_size": 96, "creation_date": "2024-08-10", "last_modified_date": "2024-08-10"}}}}